id,barcode,product_name,brand,category,description,ingredients,image_url,store,price,store_rating,store_condition,health_score,environment_score,ethics_score,transparency_score,overall_score,keywords
1,028400199148,"Lay's Classic Potato Chips 8oz",Frito-Lay / PepsiCo,Snacks,Salted potato chips fried in vegetable oil. A classic American snack.,"POTATOES, VEGETABLE OIL (CANOLA, CORN, SOYBEAN, AND/OR SUNFLOWER OIL), AND SALT.",,amazon,3.98,4.5,,62,42,55,55,54,chips|lays|snacks|potato|crisps
1,028400199148,"Lay's Classic Potato Chips 8oz",Frito-Lay / PepsiCo,Snacks,Salted potato chips fried in vegetable oil. A classic American snack.,"POTATOES, VEGETABLE OIL (CANOLA, CORN, SOYBEAN, AND/OR SUNFLOWER OIL), AND SALT.",,walmart,3.48,4.3,,62,42,55,55,54,chips|lays|snacks|potato|crisps
1,028400199148,"Lay's Classic Potato Chips 8oz",Frito-Lay / PepsiCo,Snacks,Salted potato chips fried in vegetable oil. A classic American snack.,"POTATOES, VEGETABLE OIL (CANOLA, CORN, SOYBEAN, AND/OR SUNFLOWER OIL), AND SALT.",,facebook,2.00,,Unopened,62,42,55,55,54,chips|lays|snacks|potato|crisps
2,,"Tide PODS Laundry Detergent 42ct",Procter & Gamble,Cleaning,Concentrated 3-in-1 laundry detergent pods. Detergent + stain remover + brightener.,"Anionic surfactants, nonionic surfactants, enzymes, fragrance, methylisothiazolinone, 1,4-dioxane (trace)",,amazon,13.97,4.8,,38,32,38,28,35,tide|laundry|detergent|pods|cleaning|wash
2,,"Tide PODS Laundry Detergent 42ct",Procter & Gamble,Cleaning,Concentrated 3-in-1 laundry detergent pods. Detergent + stain remover + brightener.,"Anionic surfactants, nonionic surfactants, enzymes, fragrance, methylisothiazolinone, 1,4-dioxane (trace)",,walmart,12.94,4.7,,38,32,38,28,35,tide|laundry|detergent|pods|cleaning|wash
2,,"Tide PODS Laundry Detergent 42ct",Procter & Gamble,Cleaning,Concentrated 3-in-1 laundry detergent pods. Detergent + stain remover + brightener.,"Anionic surfactants, nonionic surfactants, enzymes, fragrance, methylisothiazolinone, 1,4-dioxane (trace)",,facebook,10.00,,Partial box,38,32,38,28,35,tide|laundry|detergent|pods|cleaning|wash
3,,"KIND Bars Variety Pack 12ct",KIND Snacks (Mars Inc.),Snacks,"Whole nut and fruit bars. Non-GMO, gluten-free, no artificial flavors.","Almonds, honey, glucose syrup, palm kernel oil, soy lecithin, sea salt",,amazon,14.99,4.6,,81,68,72,78,75,kind|bars|snacks|granola|healthy|nuts|protein
3,,"KIND Bars Variety Pack 12ct",KIND Snacks (Mars Inc.),Snacks,"Whole nut and fruit bars. Non-GMO, gluten-free, no artificial flavors.","Almonds, honey, glucose syrup, palm kernel oil, soy lecithin, sea salt",,walmart,13.88,4.5,,81,68,72,78,75,kind|bars|snacks|granola|healthy|nuts|protein
4,,"Gatorade Thirst Quencher 12×20oz",PepsiCo,Beverages,Sports hydration drink with electrolytes. Replaces fluids and electrolytes lost during exercise.,"Water, sucrose, dextrose, citric acid, natural flavor, salt, sodium citrate, monopotassium phosphate, Red 40, Blue 1",,amazon,18.99,4.7,,55,45,55,52,52,gatorade|sports drink|beverage|drink|electrolyte|hydration
4,,"Gatorade Thirst Quencher 12×20oz",PepsiCo,Beverages,Sports hydration drink with electrolytes. Replaces fluids and electrolytes lost during exercise.,"Water, sucrose, dextrose, citric acid, natural flavor, salt, sodium citrate, monopotassium phosphate, Red 40, Blue 1",,walmart,16.98,4.6,,55,45,55,52,52,gatorade|sports drink|beverage|drink|electrolyte|hydration
4,,"Gatorade Thirst Quencher 12×20oz",PepsiCo,Beverages,Sports hydration drink with electrolytes. Replaces fluids and electrolytes lost during exercise.,"Water, sucrose, dextrose, citric acid, natural flavor, salt, sodium citrate, monopotassium phosphate, Red 40, Blue 1",,facebook,12.00,,Sealed case,55,45,55,52,52,gatorade|sports drink|beverage|drink|electrolyte|hydration
5,,"Seventh Generation Free & Clear Laundry",Seventh Generation (Unilever),Cleaning,"Plant-derived laundry detergent. Free of fragrances, dyes, and optical brighteners. B Corp certified.","Water, sodium gluconate, sodium lauryl sulfate (plant-derived), lauramine oxide, sodium citrate, citric acid",,amazon,18.49,4.4,,92,88,88,92,90,seventh generation|laundry|detergent|natural|eco|green|plant|free and clear
5,,"Seventh Generation Free & Clear Laundry",Seventh Generation (Unilever),Cleaning,"Plant-derived laundry detergent. Free of fragrances, dyes, and optical brighteners. B Corp certified.","Water, sodium gluconate, sodium lauryl sulfate (plant-derived), lauramine oxide, sodium citrate, citric acid",,walmart,17.97,4.3,,92,88,88,92,90,seventh generation|laundry|detergent|natural|eco|green|plant|free and clear
6,044700075050,"Oscar Mayer Classic Uncured Beef Franks 10ct",Kraft Heinz,Meat,Classic beef franks made with mechanically separated turkey and pork. Contains sodium nitrite.,"BEEF, WATER, CONTAINS LESS THAN 2% OF SALT, DISTILLED WHITE VINEGAR, DEXTROSE, GARLIC, CULTURED CELERY JUICE*, PAPRIKA, SODIUM PHOSPHATE, FLAVOR, CHERRY POWDER.",,amazon,5.99,4.2,,28,22,36,40,31,hot dogs|oscar mayer|beef|meat|wieners|franks
6,044700075050,"Oscar Mayer Classic Uncured Beef Franks 10ct",Kraft Heinz,Meat,Classic beef franks made with mechanically separated turkey and pork. Contains sodium nitrite.,"BEEF, WATER, CONTAINS LESS THAN 2% OF SALT, DISTILLED WHITE VINEGAR, DEXTROSE, GARLIC, CULTURED CELERY JUICE*, PAPRIKA, SODIUM PHOSPHATE, FLAVOR, CHERRY POWDER.",,walmart,4.98,4.1,,28,22,36,40,31,hot dogs|oscar mayer|beef|meat|wieners|franks
6,044700075050,"Oscar Mayer Classic Uncured Beef Franks 10ct",Kraft Heinz,Meat,Classic beef franks made with mechanically separated turkey and pork. Contains sodium nitrite.,"BEEF, WATER, CONTAINS LESS THAN 2% OF SALT, DISTILLED WHITE VINEGAR, DEXTROSE, GARLIC, CULTURED CELERY JUICE*, PAPRIKA, SODIUM PHOSPHATE, FLAVOR, CHERRY POWDER.",,facebook,3.50,,Fresh,28,22,36,40,31,hot dogs|oscar mayer|beef|meat|wieners|franks
7,049000006582,"Diet Coke 12 fl oz Can",The Coca-Cola Company,Beverages,Zero-calorie cola sweetened with aspartame. Distinct crisp taste with 46mg of caffeine per can.,"CARBONATED WATER, CARAMEL COLOR, ASPARTAME, PHOSPHORIC ACID, POTASSIUM BENZOATE (TO PROTECT TASTE), NATURAL FLAVORS, CITRIC ACID, CAFFEINE.",,amazon,7.99,4.5,,48,38,52,55,48,diet coke|coca cola|soda|diet|beverage|cola|coke|zero calorie
7,049000006582,"Diet Coke 12 fl oz Can",The Coca-Cola Company,Beverages,Zero-calorie cola sweetened with aspartame. Distinct crisp taste with 46mg of caffeine per can.,"CARBONATED WATER, CARAMEL COLOR, ASPARTAME, PHOSPHORIC ACID, POTASSIUM BENZOATE (TO PROTECT TASTE), NATURAL FLAVORS, CITRIC ACID, CAFFEINE.",,walmart,6.98,4.4,,48,38,52,55,48,diet coke|coca cola|soda|diet|beverage|cola|coke|zero calorie
7,049000006582,"Diet Coke 12 fl oz Can",The Coca-Cola Company,Beverages,Zero-calorie cola sweetened with aspartame. Distinct crisp taste with 46mg of caffeine per can.,"CARBONATED WATER, CARAMEL COLOR, ASPARTAME, PHOSPHORIC ACID, POTASSIUM BENZOATE (TO PROTECT TASTE), NATURAL FLAVORS, CITRIC ACID, CAFFEINE.",,facebook,5.00,,Sealed,48,38,52,55,48,diet coke|coca cola|soda|diet|beverage|cola|coke|zero calorie
8,049000006346,"Coca-Cola Classic 12 fl oz Can",The Coca-Cola Company,Beverages,"The original cola. 39g of sugar per can, 140 calories.","CARBONATED WATER, HIGH FRUCTOSE CORN SYRUP, CARAMEL COLOR, PHOSPHORIC ACID, NATURAL FLAVORS, CAFFEINE.",,amazon,8.99,4.6,,40,32,45,52,42,coca cola|coke|soda|cola|beverage|classic
8,049000006346,"Coca-Cola Classic 12 fl oz Can",The Coca-Cola Company,Beverages,"The original cola. 39g of sugar per can, 140 calories.","CARBONATED WATER, HIGH FRUCTOSE CORN SYRUP, CARAMEL COLOR, PHOSPHORIC ACID, NATURAL FLAVORS, CAFFEINE.",,walmart,7.48,4.5,,40,32,45,52,42,coca cola|coke|soda|cola|beverage|classic
9,048500018521,"Tropicana Pure Premium Orange Juice No Pulp 14 fl oz",PepsiCo,Beverages,100% pure squeezed pasteurized orange juice. No added sugar or preservatives.,"100% Orange Juice",,amazon,5.49,4.5,,72,58,55,68,63,tropicana|orange juice|juice|beverage|oj|vitamin c
9,048500018521,"Tropicana Pure Premium Orange Juice No Pulp 14 fl oz",PepsiCo,Beverages,100% pure squeezed pasteurized orange juice. No added sugar or preservatives.,"100% Orange Juice",,walmart,4.98,4.4,,72,58,55,68,63,tropicana|orange juice|juice|beverage|oj|vitamin c
10,070847024446,"Monster Energy Original 16 fl oz",Monster Beverage Corp.,Beverages,Energy drink with B vitamins and caffeine blend. 160mg caffeine per can.,"CARBONATED WATER, SUGAR, GLUCOSE, CITRIC ACID, TAURINE, NATURAL & ARTIFICIAL FLAVORS, SODIUM CITRATE, PANAX GINSENG EXTRACT, TARTARIC ACID, COLOR ADDED, CAFFEINE, SORBIC ACID (PRESERVATIVE), BENZOIC ACID (PRESERVATIVE), NIACINAMIDE (VIT. B3), L-CARNITINE L-TARTRATE, SALT, D-GLUCURONOLACTONE, GUARANA EXTRACT, INOSITOL, PYRIDOXINE HYDROCHLORIDE (VIT. B6), SUCRALOSE, RIBOFLAVIN (VIT. B2), MALTODEXTRIN, CYANOCOBALAMIN (VIT. B12).",,amazon,10.99,4.4,,28,32,38,42,34,monster energy|energy drink|caffeine|beverage|energy
10,070847024446,"Monster Energy Original 16 fl oz",Monster Beverage Corp.,Beverages,Energy drink with B vitamins and caffeine blend. 160mg caffeine per can.,"CARBONATED WATER, SUGAR, GLUCOSE, CITRIC ACID, TAURINE, NATURAL & ARTIFICIAL FLAVORS, SODIUM CITRATE, PANAX GINSENG EXTRACT, TARTARIC ACID, COLOR ADDED, CAFFEINE, SORBIC ACID (PRESERVATIVE), BENZOIC ACID (PRESERVATIVE), NIACINAMIDE (VIT. B3), L-CARNITINE L-TARTRATE, SALT, D-GLUCURONOLACTONE, GUARANA EXTRACT, INOSITOL, PYRIDOXINE HYDROCHLORIDE (VIT. B6), SUCRALOSE, RIBOFLAVIN (VIT. B2), MALTODEXTRIN, CYANOCOBALAMIN (VIT. B12).",,walmart,9.98,4.3,,28,32,38,42,34,monster energy|energy drink|caffeine|beverage|energy
10,070847024446,"Monster Energy Original 16 fl oz",Monster Beverage Corp.,Beverages,Energy drink with B vitamins and caffeine blend. 160mg caffeine per can.,"CARBONATED WATER, SUGAR, GLUCOSE, CITRIC ACID, TAURINE, NATURAL & ARTIFICIAL FLAVORS, SODIUM CITRATE, PANAX GINSENG EXTRACT, TARTARIC ACID, COLOR ADDED, CAFFEINE, SORBIC ACID (PRESERVATIVE), BENZOIC ACID (PRESERVATIVE), NIACINAMIDE (VIT. B3), L-CARNITINE L-TARTRATE, SALT, D-GLUCURONOLACTONE, GUARANA EXTRACT, INOSITOL, PYRIDOXINE HYDROCHLORIDE (VIT. B6), SUCRALOSE, RIBOFLAVIN (VIT. B2), MALTODEXTRIN, CYANOCOBALAMIN (VIT. B12).",,facebook,8.00,,Sealed case,28,32,38,42,34,monster energy|energy drink|caffeine|beverage|energy
11,613008759988,"AriZona Green Tea with Ginseng & Honey 23oz Can",AriZona Beverages,Beverages,Green tea with ginseng and honey. Iconic oversized can.,"PREMIUM BREWED BLEND OF GREEN TEAS USING FILTERED WATER, HIGH FRUCTOSE CORN SYRUP (GLUCOSE-FRUCTOSE SYRUP), HONEY, CITRIC ACID, NATURAL FLAVORS, ASCORBIC ACID (VITAMIN C), GINSENG ROOT EXTRACT.",,amazon,1.29,4.7,,62,55,62,58,59,arizona|green tea|tea|beverage|iced tea|ginseng
11,613008759988,"AriZona Green Tea with Ginseng & Honey 23oz Can",AriZona Beverages,Beverages,Green tea with ginseng and honey. Iconic oversized can.,"PREMIUM BREWED BLEND OF GREEN TEAS USING FILTERED WATER, HIGH FRUCTOSE CORN SYRUP (GLUCOSE-FRUCTOSE SYRUP), HONEY, CITRIC ACID, NATURAL FLAVORS, ASCORBIC ACID (VITAMIN C), GINSENG ROOT EXTRACT.",,walmart,1.15,4.6,,62,55,62,58,59,arizona|green tea|tea|beverage|iced tea|ginseng
12,611269431575,"Red Bull Energy Drink 6-Pack 8.4 fl oz",Red Bull GmbH,Beverages,Original energy drink with taurine and B vitamins. 80mg caffeine per can.,"CARBONATED WATER, SUCROSE, GLUCOSE, CITRIC ACID, TAURINE, SODIUM BICARBONATE, MAGNESIUM CARBONATE, CAFFEINE, NIACINAMIDE, CALCIUM PANTOTHENATE, PYRIDOXINE HCL, VITAMIN B12, NATURAL AND ARTIFICIAL FLAVORS, COLORS",,amazon,11.49,4.5,,32,42,52,58,44,red bull|energy drink|caffeine|beverage|wings|energy
12,611269431575,"Red Bull Energy Drink 6-Pack 8.4 fl oz",Red Bull GmbH,Beverages,Original energy drink with taurine and B vitamins. 80mg caffeine per can.,"CARBONATED WATER, SUCROSE, GLUCOSE, CITRIC ACID, TAURINE, SODIUM BICARBONATE, MAGNESIUM CARBONATE, CAFFEINE, NIACINAMIDE, CALCIUM PANTOTHENATE, PYRIDOXINE HCL, VITAMIN B12, NATURAL AND ARTIFICIAL FLAVORS, COLORS",,walmart,10.98,4.4,,32,42,52,58,44,red bull|energy drink|caffeine|beverage|wings|energy
13,028400335799,"Doritos Nacho Cheese Tortilla Chips",Frito-Lay / PepsiCo,Snacks,Corn tortilla chips with bold nacho cheese seasoning.,"CORN, VEGETABLE OIL (SUNFLOWER, CANOLA, AND/OR CORN OIL), MALTODEXTRIN (MADE FROM CORN), SALT, CHEDDAR CHEESE (MILK, CHEESE CULTURES, SALT, ENZYMES), WHEY, MONOSODIUM GLUTAMATE, BUTTERMILK, ROMANO CHEESE (PART-SKIM COW'S MILK, CHEESE CULTURES, SALT, ENZYMES), WHEY PROTEIN CONCENTRATE, ONION POWDER, CORN FLOUR NATURAL AND ARTIFICIAL FLAVOR, DEXTROSE, TOMATO POWDER, LACTOSE, SPICES, ARTIFICIAL COLOR (INCLUDING YELLOW 6, YELLOW 5, AND RED 40), LACTIC ACID, CITRIC ACID, SUGAR, GARLIC POWDER, SKIM MILK, RED AND GREEN BELL PEPPER POWDER, DISODIUM INOSINATE, AND DISODIUM GUANYLATE.",,amazon,5.98,4.6,,45,35,48,52,45,doritos|nacho cheese|chips|corn chips|snacks|tortilla chips
13,028400335799,"Doritos Nacho Cheese Tortilla Chips",Frito-Lay / PepsiCo,Snacks,Corn tortilla chips with bold nacho cheese seasoning.,"CORN, VEGETABLE OIL (SUNFLOWER, CANOLA, AND/OR CORN OIL), MALTODEXTRIN (MADE FROM CORN), SALT, CHEDDAR CHEESE (MILK, CHEESE CULTURES, SALT, ENZYMES), WHEY, MONOSODIUM GLUTAMATE, BUTTERMILK, ROMANO CHEESE (PART-SKIM COW'S MILK, CHEESE CULTURES, SALT, ENZYMES), WHEY PROTEIN CONCENTRATE, ONION POWDER, CORN FLOUR NATURAL AND ARTIFICIAL FLAVOR, DEXTROSE, TOMATO POWDER, LACTOSE, SPICES, ARTIFICIAL COLOR (INCLUDING YELLOW 6, YELLOW 5, AND RED 40), LACTIC ACID, CITRIC ACID, SUGAR, GARLIC POWDER, SKIM MILK, RED AND GREEN BELL PEPPER POWDER, DISODIUM INOSINATE, AND DISODIUM GUANYLATE.",,walmart,4.98,4.5,,45,35,48,52,45,doritos|nacho cheese|chips|corn chips|snacks|tortilla chips
14,044000032029,"Oreo Original Cookies 14.3oz",Nabisco / Mondelez,Snacks,Classic chocolate sandwich cookies with creme filling.,"UNBLEACHED ENRICHED FLOUR (WHEAT FLOUR, NIACIN, REDUCED IRON, THIAMINE MONONITRATE {VITAMIN B1}, RIBOFLAVIN {VITAMIN B2}, FOLIC ACID), SUGAR, PALM OIL, SOYBEAN AND/OR CANOLA OIL, COCOA (PROCESSED WITH ALKALI), HIGH FRUCTOSE CORN SYRUP, LEAVNING (BAKING SODA AND/OR CALCIUM PHOSPHATE), SALT, SOY LECITHIN, CHOCOLATE, ARTIFICIAL FLAVOR.",,amazon,4.49,4.7,,48,42,48,55,48,oreo|cookies|snacks|chocolate|sandwich cookie|biscuit
14,044000032029,"Oreo Original Cookies 14.3oz",Nabisco / Mondelez,Snacks,Classic chocolate sandwich cookies with creme filling.,"UNBLEACHED ENRICHED FLOUR (WHEAT FLOUR, NIACIN, REDUCED IRON, THIAMINE MONONITRATE {VITAMIN B1}, RIBOFLAVIN {VITAMIN B2}, FOLIC ACID), SUGAR, PALM OIL, SOYBEAN AND/OR CANOLA OIL, COCOA (PROCESSED WITH ALKALI), HIGH FRUCTOSE CORN SYRUP, LEAVNING (BAKING SODA AND/OR CALCIUM PHOSPHATE), SALT, SOY LECITHIN, CHOCOLATE, ARTIFICIAL FLAVOR.",,walmart,3.98,4.6,,48,42,48,55,48,oreo|cookies|snacks|chocolate|sandwich cookie|biscuit
14,044000032029,"Oreo Original Cookies 14.3oz",Nabisco / Mondelez,Snacks,Classic chocolate sandwich cookies with creme filling.,"UNBLEACHED ENRICHED FLOUR (WHEAT FLOUR, NIACIN, REDUCED IRON, THIAMINE MONONITRATE {VITAMIN B1}, RIBOFLAVIN {VITAMIN B2}, FOLIC ACID), SUGAR, PALM OIL, SOYBEAN AND/OR CANOLA OIL, COCOA (PROCESSED WITH ALKALI), HIGH FRUCTOSE CORN SYRUP, LEAVNING (BAKING SODA AND/OR CALCIUM PHOSPHATE), SALT, SOY LECITHIN, CHOCOLATE, ARTIFICIAL FLAVOR.",,facebook,3.00,,Sealed,48,42,48,55,48,oreo|cookies|snacks|chocolate|sandwich cookie|biscuit
15,028400589864,"Cheetos Crunchy 8.5oz",Frito-Lay / PepsiCo,Snacks,Crunchy cheese-flavored corn puffs. Contains Yellow 6 artificial color.,"ENRICHED CORN MEAL (CORN MEAL, FERROUS SULFATE, NIACIN, THIAMIN MONONITRATE, RIBOFLAVIN, FOLIC ACID), VEGETABLE OIL (CORN, CANOLA, AND/OR SUNFLOWER OIL), CHEESE SEASONING (WHEY, CHEDDAR CHEESE [MILK, CHEESE CULTURES, SALT, ENZYMES], CANOLA OIL, MALTODEXTRIN [MADE FROM CORN], NATURAL AND ARTIFICIAL FLAVORS, SALT, WHEY PROTEIN CONCENTRATE, MONOSODIUM GLUTAMATE, LACTIC ACID, CITRIC ACID, ARTIFICIAL COLOR [YELLOW 6]), AND SALT.",,amazon,4.49,4.5,,35,32,45,48,39,cheetos|cheese puffs|snacks|crunchy|corn snacks|frito-lay
15,028400589864,"Cheetos Crunchy 8.5oz",Frito-Lay / PepsiCo,Snacks,Crunchy cheese-flavored corn puffs. Contains Yellow 6 artificial color.,"ENRICHED CORN MEAL (CORN MEAL, FERROUS SULFATE, NIACIN, THIAMIN MONONITRATE, RIBOFLAVIN, FOLIC ACID), VEGETABLE OIL (CORN, CANOLA, AND/OR SUNFLOWER OIL), CHEESE SEASONING (WHEY, CHEDDAR CHEESE [MILK, CHEESE CULTURES, SALT, ENZYMES], CANOLA OIL, MALTODEXTRIN [MADE FROM CORN], NATURAL AND ARTIFICIAL FLAVORS, SALT, WHEY PROTEIN CONCENTRATE, MONOSODIUM GLUTAMATE, LACTIC ACID, CITRIC ACID, ARTIFICIAL COLOR [YELLOW 6]), AND SALT.",,walmart,3.98,4.4,,35,32,45,48,39,cheetos|cheese puffs|snacks|crunchy|corn snacks|frito-lay
16,016000115828,"Nature Valley Crunchy Oats 'n Honey Granola Bars (2-bar pouch)",General Mills,Snacks,Whole grain oat bars with natural honey. Non-GMO project verified.,"Whole Grain Oats, Sugar, Canola and/or Sunflower Oil, Rice Flour, Honey, Salt, Brown Sugar Syrup, Baking Soda, Soy Lecithin, Natural Flavor.",,amazon,5.99,4.5,,72,62,65,70,67,nature valley|granola bars|oats|snacks|bars|healthy|whole grain
16,016000115828,"Nature Valley Crunchy Oats 'n Honey Granola Bars (2-bar pouch)",General Mills,Snacks,Whole grain oat bars with natural honey. Non-GMO project verified.,"Whole Grain Oats, Sugar, Canola and/or Sunflower Oil, Rice Flour, Honey, Salt, Brown Sugar Syrup, Baking Soda, Soy Lecithin, Natural Flavor.",,walmart,5.48,4.4,,72,62,65,70,67,nature valley|granola bars|oats|snacks|bars|healthy|whole grain
17,029000016224,"Planters Deluxe Mixed Nuts 18.25oz",Kraft Heinz,Snacks,"Cashews, almonds, macadamias, pecans and Brazil nuts. Lightly salted.","CASHEWS, ALMONDS, BRAZIL NUTS, PECANS, PISTACHIOS, PEANUT AND/OR COTTONSEED OIL, SEA SALT.",,amazon,12.99,4.6,,80,52,38,60,59,planters|mixed nuts|nuts|snacks|cashews|almonds|healthy
17,029000016224,"Planters Deluxe Mixed Nuts 18.25oz",Kraft Heinz,Snacks,"Cashews, almonds, macadamias, pecans and Brazil nuts. Lightly salted.","CASHEWS, ALMONDS, BRAZIL NUTS, PECANS, PISTACHIOS, PEANUT AND/OR COTTONSEED OIL, SEA SALT.",,walmart,11.48,4.5,,80,52,38,60,59,planters|mixed nuts|nuts|snacks|cashews|almonds|healthy
18,038000138416,"Pringles Original 5.2oz",Kellanova,Snacks,Stackable potato crisps with original seasoning. Non-recyclable composite can.,"DRIED POTATOES, VEGETABLE OIL (CORN, COTTONSEED, CANOLA, SOYBEAN AND/OR SUNFLOWER), DEGERMINATED YELLOW CORN FLOUR, CORNSTARCH, RICE FLOUR, MALTODEXTRIN, MONO- AND DIGLYCERIDES, SALT, WHEAT STARCH.",,amazon,2.99,4.5,,42,35,52,52,45,pringles|potato chips|crisps|stackable|snacks|original
18,038000138416,"Pringles Original 5.2oz",Kellanova,Snacks,Stackable potato crisps with original seasoning. Non-recyclable composite can.,"DRIED POTATOES, VEGETABLE OIL (CORN, COTTONSEED, CANOLA, SOYBEAN AND/OR SUNFLOWER), DEGERMINATED YELLOW CORN FLOUR, CORNSTARCH, RICE FLOUR, MALTODEXTRIN, MONO- AND DIGLYCERIDES, SALT, WHEAT STARCH.",,walmart,2.48,4.4,,42,35,52,52,45,pringles|potato chips|crisps|stackable|snacks|original
18,038000138416,"Pringles Original 5.2oz",Kellanova,Snacks,Stackable potato crisps with original seasoning. Non-recyclable composite can.,"DRIED POTATOES, VEGETABLE OIL (CORN, COTTONSEED, CANOLA, SOYBEAN AND/OR SUNFLOWER), DEGERMINATED YELLOW CORN FLOUR, CORNSTARCH, RICE FLOUR, MALTODEXTRIN, MONO- AND DIGLYCERIDES, SALT, WHEAT STARCH.",,facebook,2.00,,Unopened,42,35,52,52,45,pringles|potato chips|crisps|stackable|snacks|original
19,030000316849,"Quaker Instant Oatmeal Variety Pack 10ct",PepsiCo,Breakfast,"Quick-cooking oats in convenient single-serve packets. Variety pack with maple, brown sugar, and apple cinnamon.","WHOLE GRAIN ROLLED OATS, SUGAR, NATURAL AND ARTIFICIAL FLAVOR, SALT, CALCIUM CARBONATE, GUAR GUM, CARAMEL COLOR, NIACINAMIDE*, REDUCED IRON, VITAMIN A PALMITATE, PYRIDOXINE HYDROCHLORIDE*, RIBOFLAVIN*, THIAMIN MONONITRATE*, FOLIC ACID*. *ONE OF THE B VITAMINS",,amazon,5.49,4.6,,72,62,58,68,65,quaker|oatmeal|breakfast|instant oats|hot cereal|whole grain|oats
19,030000316849,"Quaker Instant Oatmeal Variety Pack 10ct",PepsiCo,Breakfast,"Quick-cooking oats in convenient single-serve packets. Variety pack with maple, brown sugar, and apple cinnamon.","WHOLE GRAIN ROLLED OATS, SUGAR, NATURAL AND ARTIFICIAL FLAVOR, SALT, CALCIUM CARBONATE, GUAR GUM, CARAMEL COLOR, NIACINAMIDE*, REDUCED IRON, VITAMIN A PALMITATE, PYRIDOXINE HYDROCHLORIDE*, RIBOFLAVIN*, THIAMIN MONONITRATE*, FOLIC ACID*. *ONE OF THE B VITAMINS",,walmart,4.98,4.5,,72,62,58,68,65,quaker|oatmeal|breakfast|instant oats|hot cereal|whole grain|oats
20,038000016110,"Kellogg's Special K Original 12oz",Kellanova,Breakfast,Lightly sweetened rice and wheat flakes fortified with 8 essential vitamins and minerals.,"Rice, wheat gluten, sugar, defatted wheat germ, contains 2% or less of salt, malt flavor, BHT for freshness.Vitamins and Minerals: Reduced iron, vitamin C (ascorbic acid), niacinamide, vitamin E acetate, beta-carotene, folic acid, vitamin B6 (pyridoxine hydrochloride), vitamin B1 (thiamin hydrochloride), vitamin B2 (riboflavin), vitamin D3, vitamin B12.",,amazon,4.99,4.4,,65,52,55,62,59,special k|kelloggs|cereal|breakfast|diet cereal|low calorie
20,038000016110,"Kellogg's Special K Original 12oz",Kellanova,Breakfast,Lightly sweetened rice and wheat flakes fortified with 8 essential vitamins and minerals.,"Rice, wheat gluten, sugar, defatted wheat germ, contains 2% or less of salt, malt flavor, BHT for freshness.Vitamins and Minerals: Reduced iron, vitamin C (ascorbic acid), niacinamide, vitamin E acetate, beta-carotene, folic acid, vitamin B6 (pyridoxine hydrochloride), vitamin B1 (thiamin hydrochloride), vitamin B2 (riboflavin), vitamin D3, vitamin B12.",,walmart,4.48,4.3,,65,52,55,62,59,special k|kelloggs|cereal|breakfast|diet cereal|low calorie
21,,"Method All-Purpose Cleaner 28oz",SC Johnson,Cleaning,Plant-derived all-purpose cleaner. EPA Safer Choice certified. Carbon-neutral packaging.,"Water, sodium lauryl sulfate (plant-derived), lauramine oxide, sodium citrate, methylpropanediol, fragrance (essential oils)",,amazon,5.99,4.7,,85,88,82,88,86,method|all purpose cleaner|cleaning|natural cleaner|eco|plant based
21,,"Method All-Purpose Cleaner 28oz",SC Johnson,Cleaning,Plant-derived all-purpose cleaner. EPA Safer Choice certified. Carbon-neutral packaging.,"Water, sodium lauryl sulfate (plant-derived), lauramine oxide, sodium citrate, methylpropanediol, fragrance (essential oils)",,walmart,5.48,4.6,,85,88,82,88,86,method|all purpose cleaner|cleaning|natural cleaner|eco|plant based
22,,"Clorox Regular Bleach 81oz",The Clorox Company,Cleaning,Disinfecting bleach for laundry and household surfaces. 6% sodium hypochlorite.,"Sodium hypochlorite (6%), sodium chloride, sodium carbonate, sodium hydroxide, water",,amazon,4.99,4.3,,35,42,62,65,50,clorox|bleach|cleaning|disinfectant|laundry bleach
22,,"Clorox Regular Bleach 81oz",The Clorox Company,Cleaning,Disinfecting bleach for laundry and household surfaces. 6% sodium hypochlorite.,"Sodium hypochlorite (6%), sodium chloride, sodium carbonate, sodium hydroxide, water",,walmart,4.48,4.2,,35,42,62,65,50,clorox|bleach|cleaning|disinfectant|laundry bleach
23,,"Dawn Ultra Original Dish Soap 19.4oz",Procter & Gamble,Cleaning,Concentrated dish soap that cuts through grease. Original blue formula.,"Water, sodium lauryl sulfate, lauramine oxide, sodium chloride, PPG-26, PEG-8 propylheptyl ether, fragrance, methylisothiazolinone, polyethylenimine ethoxylated",,amazon,3.99,4.6,,50,48,45,50,48,dawn|dish soap|cleaning|dishwashing|grease cutting|blue
23,,"Dawn Ultra Original Dish Soap 19.4oz",Procter & Gamble,Cleaning,Concentrated dish soap that cuts through grease. Original blue formula.,"Water, sodium lauryl sulfate, lauramine oxide, sodium chloride, PPG-26, PEG-8 propylheptyl ether, fragrance, methylisothiazolinone, polyethylenimine ethoxylated",,walmart,3.48,4.5,,50,48,45,50,48,dawn|dish soap|cleaning|dishwashing|grease cutting|blue
24,,"Dove Beauty Bar Original 6pk",Unilever,Personal Care,Moisturizing beauty bar with 1/4 moisturizing cream. Mild and gentle for daily use.,"Sodium lauroyl isethionate, stearic acid, sodium tallowate or sodium palmitate, lauric acid, sodium isethionate, water, sodium stearate, cocamidopropyl betaine, fragrance, glycerin, titanium dioxide",,amazon,9.99,4.7,,72,65,65,68,68,dove|beauty bar|soap|personal care|moisturizing|gentle
24,,"Dove Beauty Bar Original 6pk",Unilever,Personal Care,Moisturizing beauty bar with 1/4 moisturizing cream. Mild and gentle for daily use.,"Sodium lauroyl isethionate, stearic acid, sodium tallowate or sodium palmitate, lauric acid, sodium isethionate, water, sodium stearate, cocamidopropyl betaine, fragrance, glycerin, titanium dioxide",,walmart,8.98,4.6,,72,65,65,68,68,dove|beauty bar|soap|personal care|moisturizing|gentle
25,,"Colgate Total Whitening Toothpaste 4pk",Colgate-Palmolive,Personal Care,Fluoride toothpaste providing 12-hour antibacterial protection. Whitening formula.,"Sodium fluoride, water, hydrated silica, sorbitol, glycerin, PVM/MA copolymer, sodium lauryl sulfate, cellulose gum, sodium hydroxide, carrageenan, flavor, titanium dioxide",,amazon,10.49,4.6,,65,50,62,65,61,colgate|toothpaste|dental|oral care|fluoride|whitening|personal care
25,,"Colgate Total Whitening Toothpaste 4pk",Colgate-Palmolive,Personal Care,Fluoride toothpaste providing 12-hour antibacterial protection. Whitening formula.,"Sodium fluoride, water, hydrated silica, sorbitol, glycerin, PVM/MA copolymer, sodium lauryl sulfate, cellulose gum, sodium hydroxide, carrageenan, flavor, titanium dioxide",,walmart,9.98,4.5,,65,50,62,65,61,colgate|toothpaste|dental|oral care|fluoride|whitening|personal care
26,,"Head & Shoulders Classic Clean Shampoo 23.7oz",Procter & Gamble,Personal Care,Anti-dandruff shampoo with 1% pyrithione zinc. Controls dandruff from first use.,"Water, sodium lauryl sulfate, sodium laureth sulfate, zinc pyrithione, dimethicone, sodium chloride, glycol distearate, cocamide MEA, fragrance, sodium xylenesulfonate",,amazon,8.99,4.5,,52,42,42,48,46,head and shoulders|shampoo|dandruff|hair care|personal care|zinc pyrithione
26,,"Head & Shoulders Classic Clean Shampoo 23.7oz",Procter & Gamble,Personal Care,Anti-dandruff shampoo with 1% pyrithione zinc. Controls dandruff from first use.,"Water, sodium lauryl sulfate, sodium laureth sulfate, zinc pyrithione, dimethicone, sodium chloride, glycol distearate, cocamide MEA, fragrance, sodium xylenesulfonate",,walmart,7.98,4.4,,52,42,42,48,46,head and shoulders|shampoo|dandruff|hair care|personal care|zinc pyrithione
27,,"Neutrogena Ultra Sheer Sunscreen SPF 55 3oz",Johnson & Johnson,Personal Care,Lightweight broad spectrum UVA/UVB sunscreen. Non-comedogenic and non-greasy.,"Homosalate, oxybenzone, octisalate, octocrylene, avobenzone, water, glycerin, styrene/acrylates copolymer, dimethicone, tocopheryl acetate, glyceryl stearate, fragrance",,amazon,10.99,4.6,,60,52,58,65,59,neutrogena|sunscreen|spf|sun protection|personal care|uvb|uva
27,,"Neutrogena Ultra Sheer Sunscreen SPF 55 3oz",Johnson & Johnson,Personal Care,Lightweight broad spectrum UVA/UVB sunscreen. Non-comedogenic and non-greasy.,"Homosalate, oxybenzone, octisalate, octocrylene, avobenzone, water, glycerin, styrene/acrylates copolymer, dimethicone, tocopheryl acetate, glyceryl stearate, fragrance",,walmart,9.98,4.5,,60,52,58,65,59,neutrogena|sunscreen|spf|sun protection|personal care|uvb|uva
28,,"Pantene Pro-V Moisture Mend Shampoo 27.7oz",Procter & Gamble,Personal Care,Strengthening shampoo for damaged hair. Pro-V formula with silicone conditioning.,"Water, sodium lauryl sulfate, sodium laureth sulfate, dimethicone, glycol distearate, sodium chloride, DMDM hydantoin, fragrance, citric acid, methylchloroisothiazolinone",,amazon,7.99,4.4,,50,40,42,48,45,pantene|shampoo|hair care|personal care|moisture|pro-v
28,,"Pantene Pro-V Moisture Mend Shampoo 27.7oz",Procter & Gamble,Personal Care,Strengthening shampoo for damaged hair. Pro-V formula with silicone conditioning.,"Water, sodium lauryl sulfate, sodium laureth sulfate, dimethicone, glycol distearate, sodium chloride, DMDM hydantoin, fragrance, citric acid, methylchloroisothiazolinone",,walmart,6.98,4.3,,50,40,42,48,45,pantene|shampoo|hair care|personal care|moisture|pro-v
29,,"Vaseline Original Petroleum Jelly 13oz",Unilever,Personal Care,Triple-purified petroleum jelly. Seals in moisture and helps heal dry skin.,"100% White Petrolatum (petroleum jelly)",,amazon,8.99,4.8,,78,50,62,75,67,vaseline|petroleum jelly|skin care|moisturizer|personal care|healing
29,,"Vaseline Original Petroleum Jelly 13oz",Unilever,Personal Care,Triple-purified petroleum jelly. Seals in moisture and helps heal dry skin.,"100% White Petrolatum (petroleum jelly)",,walmart,7.98,4.7,,78,50,62,75,67,vaseline|petroleum jelly|skin care|moisturizer|personal care|healing
30,,"Secret Clinical Strength Antiperspirant 1.6oz",Procter & Gamble,Personal Care,48-hour clinical strength sweat protection with aluminum zirconium.,"Aluminum zirconium tetrachlorohydrex GLY, cyclopentasiloxane, stearyl alcohol, PPG-14 butyl ether, hydrogenated castor oil, fragrance, propylene carbonate, bentonite",,amazon,10.99,4.4,,40,35,42,40,39,secret|antiperspirant|deodorant|personal care|clinical strength
30,,"Secret Clinical Strength Antiperspirant 1.6oz",Procter & Gamble,Personal Care,48-hour clinical strength sweat protection with aluminum zirconium.,"Aluminum zirconium tetrachlorohydrex GLY, cyclopentasiloxane, stearyl alcohol, PPG-14 butyl ether, hydrogenated castor oil, fragrance, propylene carbonate, bentonite",,walmart,9.98,4.3,,40,35,42,40,39,secret|antiperspirant|deodorant|personal care|clinical strength
31,,"Gillette Fusion5 Men's Razor + 2 Blade Refills",Procter & Gamble,Personal Care,5-blade razor with precision trimmer. Lubristrip for smooth glide.,"Handle (ABS plastic, stainless steel), blades (high-chromium stainless steel), lubristrip (polyethylene glycol, fatty acid blend)",,amazon,12.99,4.5,,82,32,42,55,54,gillette|razor|shaving|personal care|fusion|blades
31,,"Gillette Fusion5 Men's Razor + 2 Blade Refills",Procter & Gamble,Personal Care,5-blade razor with precision trimmer. Lubristrip for smooth glide.,"Handle (ABS plastic, stainless steel), blades (high-chromium stainless steel), lubristrip (polyethylene glycol, fatty acid blend)",,walmart,11.98,4.4,,82,32,42,55,54,gillette|razor|shaving|personal care|fusion|blades
32,021000615261,"Kraft Singles American Cheese Slices 16oz",Kraft Heinz,Dairy,Individually wrapped processed cheese product. Melts smoothly for grilled cheese and burgers.,"CHEDDAR CHEESE (CULTURED MILK, SALT, ENZYMES), SKIM MILK, MILKFAT, MILK PROTEIN CONCENTRATE, WHEY, CALCIUM PHOSPHATE, SODIUM PHOSPHATE, CONTAINS LESS THAN 2% OF MODIFIED FOOD STARCH, SALT, LACTIC ACID, MILK, ANNATTO AND PAPRIKA EXTRACT (COLOR), NATAMYCIN (A NATURAL MOLD INHIBITOR), ENZYMES, CHEESE CULTURE, VITAMIN D3.",,amazon,4.49,4.3,,38,35,38,48,39,kraft singles|american cheese|cheese|dairy|processed cheese|sliced
32,021000615261,"Kraft Singles American Cheese Slices 16oz",Kraft Heinz,Dairy,Individually wrapped processed cheese product. Melts smoothly for grilled cheese and burgers.,"CHEDDAR CHEESE (CULTURED MILK, SALT, ENZYMES), SKIM MILK, MILKFAT, MILK PROTEIN CONCENTRATE, WHEY, CALCIUM PHOSPHATE, SODIUM PHOSPHATE, CONTAINS LESS THAN 2% OF MODIFIED FOOD STARCH, SALT, LACTIC ACID, MILK, ANNATTO AND PAPRIKA EXTRACT (COLOR), NATAMYCIN (A NATURAL MOLD INHIBITOR), ENZYMES, CHEESE CULTURE, VITAMIN D3.",,walmart,3.98,4.2,,38,35,38,48,39,kraft singles|american cheese|cheese|dairy|processed cheese|sliced
33,070470409610,"Yoplait Original Strawberry Yogurt 6oz",General Mills,Dairy,Low-fat yogurt with live and active cultures. Strawberry flavored with real fruit.,"Cultured Pasteurized Grade A Reduced Fat Milk, Sugar, Strawberries, Modified Corn Starch, Kosher Gelatin, Natural Flavor, Pectin, Colored with Carmine, Vitamin A Acetate, Vitamin D3",,amazon,1.29,4.5,,65,55,62,65,62,yoplait|yogurt|strawberry|dairy|probiotics|low fat|cultured
33,070470409610,"Yoplait Original Strawberry Yogurt 6oz",General Mills,Dairy,Low-fat yogurt with live and active cultures. Strawberry flavored with real fruit.,"Cultured Pasteurized Grade A Reduced Fat Milk, Sugar, Strawberries, Modified Corn Starch, Kosher Gelatin, Natural Flavor, Pectin, Colored with Carmine, Vitamin A Acetate, Vitamin D3",,walmart,1.09,4.4,,65,55,62,65,62,yoplait|yogurt|strawberry|dairy|probiotics|low fat|cultured
34,034500151818,"Land O'Lakes Salted Butter 1lb",Land O'Lakes,Dairy,"Rich, creamy salted butter from a farmer-owned cooperative. Sweet cream butter with sea salt.","Sweet Cream, Salt.",,amazon,5.49,4.6,,60,42,72,75,61,land o lakes|butter|dairy|salted butter|cream|baking
34,034500151818,"Land O'Lakes Salted Butter 1lb",Land O'Lakes,Dairy,"Rich, creamy salted butter from a farmer-owned cooperative. Sweet cream butter with sea salt.","Sweet Cream, Salt.",,walmart,4.98,4.5,,60,42,72,75,61,land o lakes|butter|dairy|salted butter|cream|baking
35,742365228407,"Horizon Organic Whole Milk",Danone,Dairy,USDA certified organic whole milk from pasture-raised cows. No added hormones or antibiotics.,"Organic Grade A Milk, Vitamin D3.",,amazon,7.99,4.7,,82,72,75,80,77,horizon|organic milk|whole milk|dairy|organic|pasture raised|vitamin d
35,742365228407,"Horizon Organic Whole Milk",Danone,Dairy,USDA certified organic whole milk from pasture-raised cows. No added hormones or antibiotics.,"Organic Grade A Milk, Vitamin D3.",,walmart,7.48,4.6,,82,72,75,80,77,horizon|organic milk|whole milk|dairy|organic|pasture raised|vitamin d
36,037600001045,"SPAM Classic 4-Pack (4 x 12oz)",Hormel Foods,Meat,Canned cooked pork with ham. A global comfort food since 1937.,"PORK WITH HAM, SALT, WATER, MODIFIED POTATO STARCH, SUGAR, SODIUM NITRITE.",,amazon,3.99,4.2,,22,28,32,45,31,spam|canned meat|pork|meat|protein|classic|hormel
36,037600001045,"SPAM Classic 4-Pack (4 x 12oz)",Hormel Foods,Meat,Canned cooked pork with ham. A global comfort food since 1937.,"PORK WITH HAM, SALT, WATER, MODIFIED POTATO STARCH, SUGAR, SODIUM NITRITE.",,walmart,3.48,4.1,,22,28,32,45,31,spam|canned meat|pork|meat|protein|classic|hormel
36,037600001045,"SPAM Classic 4-Pack (4 x 12oz)",Hormel Foods,Meat,Canned cooked pork with ham. A global comfort food since 1937.,"PORK WITH HAM, SALT, WATER, MODIFIED POTATO STARCH, SUGAR, SODIUM NITRITE.",,facebook,2.50,,Unopened,22,28,32,45,31,spam|canned meat|pork|meat|protein|classic|hormel
37,023700014498,"Tyson Fully Cooked Chicken Nuggets 29oz",Tyson Foods,Meat,Breaded white meat chicken nuggets. Fully cooked and ready in minutes.,"CHICKEN, WATER, SALT, AND NATURAL FLAVOR. BREADED WITH: WHEAT FLOUR, WATER, WHEAT STARCH, WHITE WHOLE WHEAT FLOUR, SALT, CONTAINS 2% OR LESS OF THE FOLLOWING: YELLOW CORN FLOUR, CORN STARCH, DRIED ONION, DRIED GARLIC, DRIED YEAST, BROWN SUGAR, EXTRACTIVES OF PAPRIKA, AND SPICES. BREADING SET IN VEGETABLE OIL.",,amazon,10.99,4.3,,38,28,28,38,33,tyson|chicken nuggets|frozen chicken|meat|poultry|processed chicken
37,023700014498,"Tyson Fully Cooked Chicken Nuggets 29oz",Tyson Foods,Meat,Breaded white meat chicken nuggets. Fully cooked and ready in minutes.,"CHICKEN, WATER, SALT, AND NATURAL FLAVOR. BREADED WITH: WHEAT FLOUR, WATER, WHEAT STARCH, WHITE WHOLE WHEAT FLOUR, SALT, CONTAINS 2% OR LESS OF THE FOLLOWING: YELLOW CORN FLOUR, CORN STARCH, DRIED ONION, DRIED GARLIC, DRIED YEAST, BROWN SUGAR, EXTRACTIVES OF PAPRIKA, AND SPICES. BREADING SET IN VEGETABLE OIL.",,walmart,9.98,4.2,,38,28,28,38,33,tyson|chicken nuggets|frozen chicken|meat|poultry|processed chicken
38,077900115530,"Jimmy Dean Regular Premium Pork Sausage 16oz",Tyson Foods,Meat,Classic pork breakfast sausage. Seasoned with signature blend of sage and spices.,"PORK, WATER, CONTAINS 2% OR LESS: CORN SYRUP, SALT, NATURAL FLAVOR, VINEGAR, SUGAR, PORK BROTH, MONOSODIUM GLUTAMATE.",,amazon,6.99,4.2,,25,25,28,38,28,jimmy dean|sausage|breakfast sausage|pork|meat|morning
38,077900115530,"Jimmy Dean Regular Premium Pork Sausage 16oz",Tyson Foods,Meat,Classic pork breakfast sausage. Seasoned with signature blend of sage and spices.,"PORK, WATER, CONTAINS 2% OR LESS: CORN SYRUP, SALT, NATURAL FLAVOR, VINEGAR, SUGAR, PORK BROTH, MONOSODIUM GLUTAMATE.",,walmart,5.98,4.1,,25,25,28,38,28,jimmy dean|sausage|breakfast sausage|pork|meat|morning
39,080000221209,"StarKist Chunk Light Tuna in Water",StarKist / Dongwon,Meat,Dolphin safe chunk light tuna packed in water. High protein and low fat.,"LIGHT TUNA, WATER, VEGETABLE BROTH, SALT.",,amazon,1.99,4.5,,72,55,52,62,61,starkist|tuna|canned tuna|seafood|protein|fish|light tuna
39,080000221209,"StarKist Chunk Light Tuna in Water",StarKist / Dongwon,Meat,Dolphin safe chunk light tuna packed in water. High protein and low fat.,"LIGHT TUNA, WATER, VEGETABLE BROTH, SALT.",,walmart,1.69,4.4,,72,55,52,62,61,starkist|tuna|canned tuna|seafood|protein|fish|light tuna
39,080000221209,"StarKist Chunk Light Tuna in Water",StarKist / Dongwon,Meat,Dolphin safe chunk light tuna packed in water. High protein and low fat.,"LIGHT TUNA, WATER, VEGETABLE BROTH, SALT.",,facebook,1.25,,Sealed 6-pack,72,55,52,62,61,starkist|tuna|canned tuna|seafood|protein|fish|light tuna
40,072250011372,"Wonder Classic White Bread 20oz",Flowers Foods,Bread,Soft white sandwich bread enriched with calcium and vitamins.,"UNBLEACHED ENRICHED FLOUR (WHEAT FLOUR, MALTED BARLEY FLOUR, NIACIN, REDUCED IRON, THIAMIN MONONITRATE, RIBOFLAVIN, FOLIC ACID), WATER, HIGH FRUCTOSE CORN SYRUP, YEAST, CONTAINS 2% OR LESS OF EACH OF THE FOLLOWING: CALCIUM CARBONATE, SOYBEAN OIL, WHEAT GLUTEN, SALT, DOUGH CONDITIONERS (CONTAINS ONE OR MORE OF THE FOLLOWING: SODIUM STEAROYL LACTYLATE, CALCIUM STEAROYL LACTYLATE, MONOGLYCERIDES, MONO- AND DIGLYCERIDES, DISTILLED MONOGLYCERIDES, CALCIUM PEROXIDE, CALCIUM IODATE, DATEM, ETHOXYLATED MONO- AND DIGLYCERIDES, ENZYMES, ASCORBIC ACID), VINEGAR, MONOCALCIUM PHOSPHATE, YEAST EXTRACT, MODIFIED CORN STARCH, SUCROSE, SUGAR, SOY LECITHIN, CHOLECALCIFEROL (VITAMIN D3), SOY FLOUR, AMMONIUM SULFATE, CALCIUM SULFATE, CALCIUM PROPIONATE (TO RETARD SPOILAGE)",,amazon,3.49,4.2,,42,45,52,52,47,wonder bread|white bread|bread|sandwich bread|bakery|sliced bread
40,072250011372,"Wonder Classic White Bread 20oz",Flowers Foods,Bread,Soft white sandwich bread enriched with calcium and vitamins.,"UNBLEACHED ENRICHED FLOUR (WHEAT FLOUR, MALTED BARLEY FLOUR, NIACIN, REDUCED IRON, THIAMIN MONONITRATE, RIBOFLAVIN, FOLIC ACID), WATER, HIGH FRUCTOSE CORN SYRUP, YEAST, CONTAINS 2% OR LESS OF EACH OF THE FOLLOWING: CALCIUM CARBONATE, SOYBEAN OIL, WHEAT GLUTEN, SALT, DOUGH CONDITIONERS (CONTAINS ONE OR MORE OF THE FOLLOWING: SODIUM STEAROYL LACTYLATE, CALCIUM STEAROYL LACTYLATE, MONOGLYCERIDES, MONO- AND DIGLYCERIDES, DISTILLED MONOGLYCERIDES, CALCIUM PEROXIDE, CALCIUM IODATE, DATEM, ETHOXYLATED MONO- AND DIGLYCERIDES, ENZYMES, ASCORBIC ACID), VINEGAR, MONOCALCIUM PHOSPHATE, YEAST EXTRACT, MODIFIED CORN STARCH, SUCROSE, SUGAR, SOY LECITHIN, CHOLECALCIFEROL (VITAMIN D3), SOY FLOUR, AMMONIUM SULFATE, CALCIUM SULFATE, CALCIUM PROPIONATE (TO RETARD SPOILAGE)",,walmart,2.98,4.1,,42,45,52,52,47,wonder bread|white bread|bread|sandwich bread|bakery|sliced bread
41,014100046479,"Pepperidge Farm Goldfish Cheddar Crackers 30oz Carton",Campbell Soup Company,Snacks,Baked cheddar cheese crackers made with real cheese. A lunchbox classic.,"MADE WITH SMILES AND ENRICHED WHEAT FLOUR (FLOUR, NIACIN, REDUCED IRON, THIAMINE MONONITRATE, RIBOFLAVIN, FOLIC ACID), CHEDDAR CHEESE ([CULTURED MILK, SALT, ENZYMES], ANNATTO), VEGETABLE OILS (CANOLA, SUNFLOWER AND/OR SOYBEAN), SALT, CONTAINS 2% OR LESS OF: YEAST, SUGAR, AUTOLYZED YEAST EXTRACT, PAPRIKA, SPICES, CELERY, ONION POWDER, MONOCALCIUM PHOSPHATE, BAKING SODA.  CONTAINS: WHEAT, MILK.",,amazon,9.99,4.7,,62,52,58,62,59,goldfish|pepperidge farm|crackers|cheese crackers|snacks|kids snack|cheddar
41,014100046479,"Pepperidge Farm Goldfish Cheddar Crackers 30oz Carton",Campbell Soup Company,Snacks,Baked cheddar cheese crackers made with real cheese. A lunchbox classic.,"MADE WITH SMILES AND ENRICHED WHEAT FLOUR (FLOUR, NIACIN, REDUCED IRON, THIAMINE MONONITRATE, RIBOFLAVIN, FOLIC ACID), CHEDDAR CHEESE ([CULTURED MILK, SALT, ENZYMES], ANNATTO), VEGETABLE OILS (CANOLA, SUNFLOWER AND/OR SOYBEAN), SALT, CONTAINS 2% OR LESS OF: YEAST, SUGAR, AUTOLYZED YEAST EXTRACT, PAPRIKA, SPICES, CELERY, ONION POWDER, MONOCALCIUM PHOSPHATE, BAKING SODA.  CONTAINS: WHEAT, MILK.",,walmart,8.98,4.6,,62,52,58,62,59,goldfish|pepperidge farm|crackers|cheese crackers|snacks|kids snack|cheddar
42,071921962395,"DiGiorno Rising Crust Pepperoni Pizza 27.5oz",Nestle,Frozen,Classic rising crust frozen pizza with pepperoni and mozzarella cheese.,"ENRICHED WHEAT FLOUR (WHEAT FLOUR, NIACIN, REDUCED IRON, THIAMINE MONONITRATE, RIBOFLAVIN, AND FOLIC ACID), WATER, LOW-MOISTURE PART-SKIM MOZZARELLA CHEESE (PART-SKIM MILK, CHEESE CULTURE, SALT, ENZYMES), TOMATO PASTE, PEPPERONI MADE WITH PORK, CHICKEN AND BEEF (PORK, MECHANICALLY SEPARATED CHICKEN, BEEF, SALT, CONTAINS 2% OR LESS OF SPICES, DEXTROSE, PORK STOCK, LACTIC ACID STARTER CULTURE, OLEORESIN OF PAPRIKA, FLAVORING, SODIUM NITRITE, SODIUM ASCORBATE, PAPRIKA, PROCESSED WITH NATURAL SMOKE FLAVOR, BHA, BHT, CITRIC ACID TO HELP PROTECT FLAVOR), WHEAT GLUTEN, SUGAR, 2% OR LESS OF VEGETABLE OIL (CORN OIL AND/OR SOYBEAN OIL AND/OR CANOLA OIL), DEGERMINATED WHITE CORN MEAL, YEAST, SALT, DATEM, BAKING SODA, SPICES, WHEAT FLOUR, ENZYMES, DRIED GARLIC, ASCORBIC ACID (DOUGH CONDITIONER).",,amazon,9.99,4.4,,32,30,38,42,35,digiorno|pizza|frozen pizza|pepperoni|mozzarella|rising crust|frozen food
42,071921962395,"DiGiorno Rising Crust Pepperoni Pizza 27.5oz",Nestle,Frozen,Classic rising crust frozen pizza with pepperoni and mozzarella cheese.,"ENRICHED WHEAT FLOUR (WHEAT FLOUR, NIACIN, REDUCED IRON, THIAMINE MONONITRATE, RIBOFLAVIN, AND FOLIC ACID), WATER, LOW-MOISTURE PART-SKIM MOZZARELLA CHEESE (PART-SKIM MILK, CHEESE CULTURE, SALT, ENZYMES), TOMATO PASTE, PEPPERONI MADE WITH PORK, CHICKEN AND BEEF (PORK, MECHANICALLY SEPARATED CHICKEN, BEEF, SALT, CONTAINS 2% OR LESS OF SPICES, DEXTROSE, PORK STOCK, LACTIC ACID STARTER CULTURE, OLEORESIN OF PAPRIKA, FLAVORING, SODIUM NITRITE, SODIUM ASCORBATE, PAPRIKA, PROCESSED WITH NATURAL SMOKE FLAVOR, BHA, BHT, CITRIC ACID TO HELP PROTECT FLAVOR), WHEAT GLUTEN, SUGAR, 2% OR LESS OF VEGETABLE OIL (CORN OIL AND/OR SOYBEAN OIL AND/OR CANOLA OIL), DEGERMINATED WHITE CORN MEAL, YEAST, SALT, DATEM, BAKING SODA, SPICES, WHEAT FLOUR, ENZYMES, DRIED GARLIC, ASCORBIC ACID (DOUGH CONDITIONER).",,walmart,8.98,4.3,,32,30,38,42,35,digiorno|pizza|frozen pizza|pepperoni|mozzarella|rising crust|frozen food
43,013800103345,"Stouffer's Macaroni & Cheese Family Size 40oz",Nestle,Frozen,Creamy baked macaroni and cheese made with real cheddar cheese sauce.,"COOKED MACARONI (WATER, SEMOLINA WHEAT FLOUR, WHEAT GLUTEN), SKIM MILK, WATER, CHEDDAR CHEESE (CULTURED MILK, SALT, ENZYMES, ANNATTO COLOR), CHEDDAR CLUB CHEESE (CHEDDAR CHEESE [CULTURED MILK, SALT, ENZYMES], WATER, SALT, ANNATTO COLOR), BLEACHED WHEAT FLOUR, SOYBEAN OIL, 2% OR LESS OF SALT, BUTTER (CREAM, SALT), BUTTER FLAVOR (MALTODEXTRIN, NATURAL FLAVOR, ANNATTO & TURMERIC COLOR), XANTHAN GUM, POTASSIUM CHLORIDE",,amazon,4.99,4.3,,40,32,38,45,39,stouffers|mac and cheese|macaroni|frozen meal|comfort food|cheddar|frozen food
43,013800103345,"Stouffer's Macaroni & Cheese Family Size 40oz",Nestle,Frozen,Creamy baked macaroni and cheese made with real cheddar cheese sauce.,"COOKED MACARONI (WATER, SEMOLINA WHEAT FLOUR, WHEAT GLUTEN), SKIM MILK, WATER, CHEDDAR CHEESE (CULTURED MILK, SALT, ENZYMES, ANNATTO COLOR), CHEDDAR CLUB CHEESE (CHEDDAR CHEESE [CULTURED MILK, SALT, ENZYMES], WATER, SALT, ANNATTO COLOR), BLEACHED WHEAT FLOUR, SOYBEAN OIL, 2% OR LESS OF SALT, BUTTER (CREAM, SALT), BUTTER FLAVOR (MALTODEXTRIN, NATURAL FLAVOR, ANNATTO & TURMERIC COLOR), XANTHAN GUM, POTASSIUM CHLORIDE",,walmart,4.48,4.2,,40,32,38,45,39,stouffers|mac and cheese|macaroni|frozen meal|comfort food|cheddar|frozen food
44,,"Ben & Jerry's Chocolate Chip Cookie Dough 16oz",Unilever,Frozen,Vermont's finest ice cream with cookie dough chunks and chocolate chips.,"Cream, skim milk, liquid sugar, water, wheat flour, sugar, chocolate chip cookie dough, butter, eggs, vanilla, B vitamins",,amazon,5.99,4.8,,35,58,65,72,56,ben and jerrys|ice cream|cookie dough|chocolate chip|frozen dessert|vermont|fair trade
44,,"Ben & Jerry's Chocolate Chip Cookie Dough 16oz",Unilever,Frozen,Vermont's finest ice cream with cookie dough chunks and chocolate chips.,"Cream, skim milk, liquid sugar, water, wheat flour, sugar, chocolate chip cookie dough, butter, eggs, vanilla, B vitamins",,walmart,5.49,4.7,,35,58,65,72,56,ben and jerrys|ice cream|cookie dough|chocolate chip|frozen dessert|vermont|fair trade
45,013000006057,"Heinz Tomato Ketchup 32oz",Kraft Heinz,Condiments,The original tomato ketchup. Made with vine-ripened tomatoes and spices.,"TOMATO CONCENTRATE FROM RED RIPE TOMATOES, DISTILLED VINEGAR, HIGH FRUCTOSE CORN SYRUP, CORN SYRUP, SALT, SPICE, ONION POWDER, NATURAL FLAVORING",,amazon,4.49,4.6,,55,48,42,55,50,heinz|ketchup|condiment|tomato ketchup|sauce
45,013000006057,"Heinz Tomato Ketchup 32oz",Kraft Heinz,Condiments,The original tomato ketchup. Made with vine-ripened tomatoes and spices.,"TOMATO CONCENTRATE FROM RED RIPE TOMATOES, DISTILLED VINEGAR, HIGH FRUCTOSE CORN SYRUP, CORN SYRUP, SALT, SPICE, ONION POWDER, NATURAL FLAVORING",,walmart,3.98,4.5,,55,48,42,55,50,heinz|ketchup|condiment|tomato ketchup|sauce
46,048001005334,"Hellmann's Real Mayonnaise 30 fl oz",Unilever,Condiments,"Made with real, simple ingredients. Cage-free eggs and responsibly sourced soybean oil.","SOYBEAN OIL, WATER, WHOLE EGGS AND EGG YOLKS, DISTILLED VINEGAR, SALT, SUGAR, LEMON JUICE CONCENTRATE, CALCIUM DISODIUM EDTA (USED TO PROTECT QUALITY), NATURAL FLAVORS.",,amazon,5.99,4.7,,62,52,60,60,59,hellmanns|mayonnaise|mayo|condiment|real mayo|eggs
46,048001005334,"Hellmann's Real Mayonnaise 30 fl oz",Unilever,Condiments,"Made with real, simple ingredients. Cage-free eggs and responsibly sourced soybean oil.","SOYBEAN OIL, WATER, WHOLE EGGS AND EGG YOLKS, DISTILLED VINEGAR, SALT, SUGAR, LEMON JUICE CONCENTRATE, CALCIUM DISODIUM EDTA (USED TO PROTECT QUALITY), NATURAL FLAVORS.",,walmart,5.48,4.6,,62,52,60,60,59,hellmanns|mayonnaise|mayo|condiment|real mayo|eggs
47,041500000251,"French's Classic Yellow Mustard 14oz",McCormick & Company,Condiments,Classic yellow mustard with vinegar and turmeric. No artificial colors or flavors.,"DISTILLED VINEGAR, WATER, #1 GRADE MUSTARD SEED, SALT, TURMERIC, PAPRIKA, SPICE, NATURAL FLAVOR, GARLIC POWDER.",,amazon,2.99,4.6,,78,62,68,72,70,frenchs|mustard|yellow mustard|condiment|classic mustard|turmeric
47,041500000251,"French's Classic Yellow Mustard 14oz",McCormick & Company,Condiments,Classic yellow mustard with vinegar and turmeric. No artificial colors or flavors.,"DISTILLED VINEGAR, WATER, #1 GRADE MUSTARD SEED, SALT, TURMERIC, PAPRIKA, SPICE, NATURAL FLAVOR, GARLIC POWDER.",,walmart,2.48,4.5,,78,62,68,72,70,frenchs|mustard|yellow mustard|condiment|classic mustard|turmeric
48,,"Pampers Sensitive Baby Wipes 504ct",Procter & Gamble,Baby Care,Hypoallergenic wipes with aloe and vitamin E. Gentle enough for newborns.,"Water, polysorbate-20, sodium benzoate, aloe barbadensis leaf extract, tocopheryl acetate (vitamin E), citric acid",,amazon,19.99,4.7,,70,35,52,60,55,pampers|baby wipes|sensitive wipes|baby care|diaper wipes|hypoallergenic
48,,"Pampers Sensitive Baby Wipes 504ct",Procter & Gamble,Baby Care,Hypoallergenic wipes with aloe and vitamin E. Gentle enough for newborns.,"Water, polysorbate-20, sodium benzoate, aloe barbadensis leaf extract, tocopheryl acetate (vitamin E), citric acid",,walmart,17.98,4.6,,70,35,52,60,55,pampers|baby wipes|sensitive wipes|baby care|diaper wipes|hypoallergenic
49,,"Gerber Graduates Puffs Strawberry Apple 1.48oz",Nestle,Baby Care,Lightly flavored whole grain puffs for babies 8+ months. Melts easily in mouth.,"Whole wheat flour, whole grain oat flour, sugar, wheat starch, apple juice concentrate, natural strawberry flavor, vitamin E",,amazon,2.99,4.7,,80,60,52,68,66,gerber|baby puffs|baby snacks|baby food|strawberry apple|graduates|infant
49,,"Gerber Graduates Puffs Strawberry Apple 1.48oz",Nestle,Baby Care,Lightly flavored whole grain puffs for babies 8+ months. Melts easily in mouth.,"Whole wheat flour, whole grain oat flour, sugar, wheat starch, apple juice concentrate, natural strawberry flavor, vitamin E",,walmart,2.69,4.6,,80,60,52,68,66,gerber|baby puffs|baby snacks|baby food|strawberry apple|graduates|infant
50,,"Tylenol Extra Strength Caplets 100ct",Johnson & Johnson,Medicine,Acetaminophen 500mg. Temporary relief of minor aches and pains. Reduces fever.,"Acetaminophen 500mg; inactive: corn starch, hypromellose, magnesium stearate, polyethylene glycol, powdered cellulose, sodium starch glycolate, titanium dioxide",,amazon,12.99,4.8,,70,55,62,75,66,tylenol|acetaminophen|pain relief|medicine|fever reducer|headache|otc
50,,"Tylenol Extra Strength Caplets 100ct",Johnson & Johnson,Medicine,Acetaminophen 500mg. Temporary relief of minor aches and pains. Reduces fever.,"Acetaminophen 500mg; inactive: corn starch, hypromellose, magnesium stearate, polyethylene glycol, powdered cellulose, sodium starch glycolate, titanium dioxide",,walmart,11.98,4.7,,70,55,62,75,66,tylenol|acetaminophen|pain relief|medicine|fever reducer|headache|otc
51,,"Purina ONE SmartBlend Chicken & Rice Dog Food 8lb",Nestle Purina,Pet Food,Real chicken is the #1 ingredient. Supports strong muscles and a healthy coat.,"Chicken, brewers rice, corn gluten meal, whole grain corn, poultry by-product meal, soy flakes, oat meal, fish meal, calcium carbonate, vitamin and mineral supplements",,amazon,22.99,4.6,,72,48,55,65,60,purina one|dog food|pet food|chicken|rice|dry dog food|adult dog
51,,"Purina ONE SmartBlend Chicken & Rice Dog Food 8lb",Nestle Purina,Pet Food,Real chicken is the #1 ingredient. Supports strong muscles and a healthy coat.,"Chicken, brewers rice, corn gluten meal, whole grain corn, poultry by-product meal, soy flakes, oat meal, fish meal, calcium carbonate, vitamin and mineral supplements",,walmart,19.98,4.5,,72,48,55,65,60,purina one|dog food|pet food|chicken|rice|dry dog food|adult dog
